{
  "acceptance_rates": [
    0.14285714285714285
  ],
  "eagle3_acceptance_rates": [
    1.0,
    1.0,
    0.3333333333333333,
    0.0,
    0.3333333333333333,
    0.0,
    0.3333333333333333,
    0.3333333333333333,
    0.0,
    0.0,
    0.0,
    0.0,
    0.0,
    0.0,
    0.0,
    0.0,
    0.0,
    0.0,
    0.0,
    0.0,
    0.0,
    0.0,
    0.0,
    0.0,
    0.0
  ]
}
