{
  "schema_version": "1.0",
  "generated_at": "2026-03-28T07:31:33.154505+00:00",
  "model": "phi4-14b",
  "target_sparsity": 0.85,
  "quick_mode": false,
  "n_layers_calibrated": 32,
  "calibration_prompts_used": 32,
  "ffn_intermediate_dim": 8192,
  "thresholds": {
    "0": 0.01002197340130806,
    "1": 0.017809871584177017,
    "2": 0.010145342908799648,
    "3": 0.017284993082284927,
    "4": 0.03155594319105148,
    "5": 0.03823329508304596,
    "6": 0.030438220128417015,
    "7": 0.0293817650526762,
    "8": 0.02741539664566517,
    "9": 0.027211077511310577,
    "10": 0.030031293630599976,
    "11": 0.02897428721189499,
    "12": 0.0330442413687706,
    "13": 0.03352481126785278,
    "14": 0.03379936143755913,
    "15": 0.03603018820285797,
    "16": 0.04182737320661545,
    "17": 0.04975591227412224,
    "18": 0.061630044132471085,
    "19": 0.060139331966638565,
    "20": 0.06376978754997253,
    "21": 0.06632865965366364,
    "22": 0.06729093939065933,
    "23": 0.05745725706219673,
    "24": 0.05826577544212341,
    "25": 0.06553041189908981,
    "26": 0.07551605999469757,
    "27": 0.08361422270536423,
    "28": 0.08985273540019989,
    "29": 0.12479867786169052,
    "30": 0.24415764212608337,
    "31": 0.29835304617881775
  },
  "statistics": {
    "mean_tau": 0.06072469,
    "min_tau": 0.01002197,
    "max_tau": 0.29835305
  }
}