{
  "schema_version": "1.0",
  "generated_at": "2026-03-30T23:50:53.136302+00:00",
  "model": "phi4-14b",
  "target_sparsity": 0.85,
  "quick_mode": false,
  "prompt_mode": "canonical",
  "n_layers_calibrated": 32,
  "calibration_prompts_used": 12,
  "ffn_intermediate_dim": 8192,
  "thresholds": {
    "0": 0.013559260405600071,
    "1": 0.0259233508259058,
    "2": 0.010725434869527817,
    "3": 0.017892131581902504,
    "4": 0.03156585246324539,
    "5": 0.03809633478522301,
    "6": 0.030433032661676407,
    "7": 0.029334327206015587,
    "8": 0.027367375791072845,
    "9": 0.0272088423371315,
    "10": 0.029997292906045914,
    "11": 0.028958231210708618,
    "12": 0.033052198588848114,
    "13": 0.03352488577365875,
    "14": 0.03373650833964348,
    "15": 0.036016643047332764,
    "16": 0.041790787130594254,
    "17": 0.049748681485652924,
    "18": 0.061687570065259933,
    "19": 0.06009163334965706,
    "20": 0.06383069604635239,
    "21": 0.0662693977355957,
    "22": 0.06734165549278259,
    "23": 0.05740102380514145,
    "24": 0.058297254145145416,
    "25": 0.06555859744548798,
    "26": 0.07555743306875229,
    "27": 0.08352646976709366,
    "28": 0.08986834436655045,
    "29": 0.12484324723482132,
    "30": 0.24434027075767517,
    "31": 0.29341092705726624
  },
  "statistics": {
    "mean_tau": 0.06096737,
    "min_tau": 0.01072543,
    "max_tau": 0.29341093
  }
}